seed,train_size,test_type,n_train,n_test,n_train_cbgs,n_test_cbgs,mae,mse,r2,mean_ratio,median_ratio,std_ratio,train_time,pred_time,status,tune_time
0,25,full,0,39011,0,0,,,,,,,0,0,failed: No module named 'xgboost',0
0,50,full,0,39011,0,0,,,,,,,0,0,failed: No module named 'xgboost',0
0,75,full,0,39011,0,0,,,,,,,0,0,failed: No module named 'xgboost',0
0,100,full,0,39011,0,0,,,,,,,0,0,failed: No module named 'xgboost',0
0,200,full,0,39011,0,0,,,,,,,0,0,failed: No module named 'xgboost',0
0,300,full,0,39011,0,0,,,,,,,0,0,failed: No module named 'xgboost',0
0,400,full,0,39011,0,0,,,,,,,0,0,failed: No module named 'xgboost',0
0,500,full,0,39011,0,0,,,,,,,0,0,failed: No module named 'xgboost',0
0,600,full,0,39011,0,0,,,,,,,0,0,failed: No module named 'xgboost',0
0,700,full,0,39011,0,0,,,,,,,0,0,failed: No module named 'xgboost',0
0,800,full,0,39011,0,0,,,,,,,0,0,failed: No module named 'xgboost',0
0,900,full,0,39011,0,0,,,,,,,0,0,failed: No module named 'xgboost',0
0,1000,full,0,39011,0,0,,,,,,,0,0,failed: No module named 'xgboost',0
0,2000,full,0,39011,0,0,,,,,,,0,0,failed: No module named 'xgboost',0
0,3000,full,0,39011,0,0,,,,,,,0,0,failed: No module named 'xgboost',0
0,4000,full,0,39011,0,0,,,,,,,0,0,failed: No module named 'xgboost',0
0,5000,full,0,39011,0,0,,,,,,,0,0,failed: No module named 'xgboost',0
0,6000,full,0,39011,0,0,,,,,,,0,0,failed: No module named 'xgboost',0
0,7000,full,0,39011,0,0,,,,,,,0,0,failed: No module named 'xgboost',0
0,8000,full,0,39011,0,0,,,,,,,0,0,failed: No module named 'xgboost',0
0,9000,full,0,39011,0,0,,,,,,,0,0,failed: No module named 'xgboost',0
0,10000,full,0,39011,0,0,,,,,,,0,0,failed: No module named 'xgboost',0
100,25,full,0,39011,0,0,,,,,,,0,0,failed: No module named 'xgboost',0
100,50,full,0,39011,0,0,,,,,,,0,0,failed: No module named 'xgboost',0
100,75,full,0,39011,0,0,,,,,,,0,0,failed: No module named 'xgboost',0
100,100,full,0,39011,0,0,,,,,,,0,0,failed: No module named 'xgboost',0
100,200,full,0,39011,0,0,,,,,,,0,0,failed: No module named 'xgboost',0
100,300,full,0,39011,0,0,,,,,,,0,0,failed: No module named 'xgboost',0
100,400,full,0,39011,0,0,,,,,,,0,0,failed: No module named 'xgboost',0
100,500,full,0,39011,0,0,,,,,,,0,0,failed: No module named 'xgboost',0
100,600,full,0,39011,0,0,,,,,,,0,0,failed: No module named 'xgboost',0
100,700,full,0,39011,0,0,,,,,,,0,0,failed: No module named 'xgboost',0
100,800,full,0,39011,0,0,,,,,,,0,0,failed: No module named 'xgboost',0
100,900,full,0,39011,0,0,,,,,,,0,0,failed: No module named 'xgboost',0
100,1000,full,0,39011,0,0,,,,,,,0,0,failed: No module named 'xgboost',0
100,2000,full,0,39011,0,0,,,,,,,0,0,failed: No module named 'xgboost',0
100,3000,full,0,39011,0,0,,,,,,,0,0,failed: No module named 'xgboost',0
100,4000,full,0,39011,0,0,,,,,,,0,0,failed: No module named 'xgboost',0
100,5000,full,0,39011,0,0,,,,,,,0,0,failed: No module named 'xgboost',0
100,6000,full,0,39011,0,0,,,,,,,0,0,failed: No module named 'xgboost',0
100,7000,full,0,39011,0,0,,,,,,,0,0,failed: No module named 'xgboost',0
100,8000,full,0,39011,0,0,,,,,,,0,0,failed: No module named 'xgboost',0
100,9000,full,0,39011,0,0,,,,,,,0,0,failed: No module named 'xgboost',0
100,10000,full,0,39011,0,0,,,,,,,0,0,failed: No module named 'xgboost',0
200,25,full,0,39011,0,0,,,,,,,0,0,failed: No module named 'xgboost',0
200,50,full,0,39011,0,0,,,,,,,0,0,failed: No module named 'xgboost',0
200,75,full,0,39011,0,0,,,,,,,0,0,failed: No module named 'xgboost',0
200,100,full,0,39011,0,0,,,,,,,0,0,failed: No module named 'xgboost',0
200,200,full,0,39011,0,0,,,,,,,0,0,failed: No module named 'xgboost',0
200,300,full,0,39011,0,0,,,,,,,0,0,failed: No module named 'xgboost',0
200,400,full,0,39011,0,0,,,,,,,0,0,failed: No module named 'xgboost',0
200,500,full,0,39011,0,0,,,,,,,0,0,failed: No module named 'xgboost',0
200,600,full,0,39011,0,0,,,,,,,0,0,failed: No module named 'xgboost',0
200,700,full,0,39011,0,0,,,,,,,0,0,failed: No module named 'xgboost',0
200,800,full,0,39011,0,0,,,,,,,0,0,failed: No module named 'xgboost',0
200,900,full,0,39011,0,0,,,,,,,0,0,failed: No module named 'xgboost',0
200,1000,full,0,39011,0,0,,,,,,,0,0,failed: No module named 'xgboost',0
200,2000,full,0,39011,0,0,,,,,,,0,0,failed: No module named 'xgboost',0
200,3000,full,0,39011,0,0,,,,,,,0,0,failed: No module named 'xgboost',0
200,4000,full,0,39011,0,0,,,,,,,0,0,failed: No module named 'xgboost',0
200,5000,full,0,39011,0,0,,,,,,,0,0,failed: No module named 'xgboost',0
200,6000,full,0,39011,0,0,,,,,,,0,0,failed: No module named 'xgboost',0
200,7000,full,0,39011,0,0,,,,,,,0,0,failed: No module named 'xgboost',0
200,8000,full,0,39011,0,0,,,,,,,0,0,failed: No module named 'xgboost',0
200,9000,full,0,39011,0,0,,,,,,,0,0,failed: No module named 'xgboost',0
200,10000,full,0,39011,0,0,,,,,,,0,0,failed: No module named 'xgboost',0
300,25,full,0,39011,0,0,,,,,,,0,0,failed: No module named 'xgboost',0
300,50,full,0,39011,0,0,,,,,,,0,0,failed: No module named 'xgboost',0
300,75,full,0,39011,0,0,,,,,,,0,0,failed: No module named 'xgboost',0
300,100,full,0,39011,0,0,,,,,,,0,0,failed: No module named 'xgboost',0
300,200,full,0,39011,0,0,,,,,,,0,0,failed: No module named 'xgboost',0
300,300,full,0,39011,0,0,,,,,,,0,0,failed: No module named 'xgboost',0
300,400,full,0,39011,0,0,,,,,,,0,0,failed: No module named 'xgboost',0
300,500,full,0,39011,0,0,,,,,,,0,0,failed: No module named 'xgboost',0
300,600,full,0,39011,0,0,,,,,,,0,0,failed: No module named 'xgboost',0
300,700,full,0,39011,0,0,,,,,,,0,0,failed: No module named 'xgboost',0
300,800,full,0,39011,0,0,,,,,,,0,0,failed: No module named 'xgboost',0
300,900,full,0,39011,0,0,,,,,,,0,0,failed: No module named 'xgboost',0
300,1000,full,0,39011,0,0,,,,,,,0,0,failed: No module named 'xgboost',0
300,2000,full,0,39011,0,0,,,,,,,0,0,failed: No module named 'xgboost',0
300,3000,full,0,39011,0,0,,,,,,,0,0,failed: No module named 'xgboost',0
300,4000,full,0,39011,0,0,,,,,,,0,0,failed: No module named 'xgboost',0
300,5000,full,0,39011,0,0,,,,,,,0,0,failed: No module named 'xgboost',0
300,6000,full,0,39011,0,0,,,,,,,0,0,failed: No module named 'xgboost',0
300,7000,full,0,39011,0,0,,,,,,,0,0,failed: No module named 'xgboost',0
300,8000,full,0,39011,0,0,,,,,,,0,0,failed: No module named 'xgboost',0
300,9000,full,0,39011,0,0,,,,,,,0,0,failed: No module named 'xgboost',0
300,10000,full,0,39011,0,0,,,,,,,0,0,failed: No module named 'xgboost',0
400,25,full,0,39011,0,0,,,,,,,0,0,failed: No module named 'xgboost',0
400,50,full,0,39011,0,0,,,,,,,0,0,failed: No module named 'xgboost',0
400,75,full,0,39011,0,0,,,,,,,0,0,failed: No module named 'xgboost',0
400,100,full,0,39011,0,0,,,,,,,0,0,failed: No module named 'xgboost',0
400,200,full,0,39011,0,0,,,,,,,0,0,failed: No module named 'xgboost',0
400,300,full,0,39011,0,0,,,,,,,0,0,failed: No module named 'xgboost',0
400,400,full,0,39011,0,0,,,,,,,0,0,failed: No module named 'xgboost',0
400,500,full,0,39011,0,0,,,,,,,0,0,failed: No module named 'xgboost',0
400,600,full,0,39011,0,0,,,,,,,0,0,failed: No module named 'xgboost',0
400,700,full,0,39011,0,0,,,,,,,0,0,failed: No module named 'xgboost',0
400,800,full,0,39011,0,0,,,,,,,0,0,failed: No module named 'xgboost',0
400,900,full,0,39011,0,0,,,,,,,0,0,failed: No module named 'xgboost',0
400,1000,full,0,39011,0,0,,,,,,,0,0,failed: No module named 'xgboost',0
400,2000,full,0,39011,0,0,,,,,,,0,0,failed: No module named 'xgboost',0
400,3000,full,0,39011,0,0,,,,,,,0,0,failed: No module named 'xgboost',0
400,4000,full,0,39011,0,0,,,,,,,0,0,failed: No module named 'xgboost',0
400,5000,full,0,39011,0,0,,,,,,,0,0,failed: No module named 'xgboost',0
400,6000,full,0,39011,0,0,,,,,,,0,0,failed: No module named 'xgboost',0
400,7000,full,0,39011,0,0,,,,,,,0,0,failed: No module named 'xgboost',0
400,8000,full,0,39011,0,0,,,,,,,0,0,failed: No module named 'xgboost',0
400,9000,full,0,39011,0,0,,,,,,,0,0,failed: No module named 'xgboost',0
400,10000,full,0,39011,0,0,,,,,,,0,0,failed: No module named 'xgboost',0
500,25,full,0,39011,0,0,,,,,,,0,0,failed: No module named 'xgboost',0
500,50,full,0,39011,0,0,,,,,,,0,0,failed: No module named 'xgboost',0
500,75,full,0,39011,0,0,,,,,,,0,0,failed: No module named 'xgboost',0
500,100,full,0,39011,0,0,,,,,,,0,0,failed: No module named 'xgboost',0
500,200,full,0,39011,0,0,,,,,,,0,0,failed: No module named 'xgboost',0
500,300,full,0,39011,0,0,,,,,,,0,0,failed: No module named 'xgboost',0
500,400,full,0,39011,0,0,,,,,,,0,0,failed: No module named 'xgboost',0
500,500,full,0,39011,0,0,,,,,,,0,0,failed: No module named 'xgboost',0
500,600,full,0,39011,0,0,,,,,,,0,0,failed: No module named 'xgboost',0
500,700,full,0,39011,0,0,,,,,,,0,0,failed: No module named 'xgboost',0
500,800,full,0,39011,0,0,,,,,,,0,0,failed: No module named 'xgboost',0
500,900,full,0,39011,0,0,,,,,,,0,0,failed: No module named 'xgboost',0
500,1000,full,0,39011,0,0,,,,,,,0,0,failed: No module named 'xgboost',0
500,2000,full,0,39011,0,0,,,,,,,0,0,failed: No module named 'xgboost',0
500,3000,full,0,39011,0,0,,,,,,,0,0,failed: No module named 'xgboost',0
500,4000,full,0,39011,0,0,,,,,,,0,0,failed: No module named 'xgboost',0
500,5000,full,0,39011,0,0,,,,,,,0,0,failed: No module named 'xgboost',0
500,6000,full,0,39011,0,0,,,,,,,0,0,failed: No module named 'xgboost',0
500,7000,full,0,39011,0,0,,,,,,,0,0,failed: No module named 'xgboost',0
500,8000,full,0,39011,0,0,,,,,,,0,0,failed: No module named 'xgboost',0
500,9000,full,0,39011,0,0,,,,,,,0,0,failed: No module named 'xgboost',0
500,10000,full,0,39011,0,0,,,,,,,0,0,failed: No module named 'xgboost',0
600,25,full,0,39011,0,0,,,,,,,0,0,failed: No module named 'xgboost',0
600,50,full,0,39011,0,0,,,,,,,0,0,failed: No module named 'xgboost',0
600,75,full,0,39011,0,0,,,,,,,0,0,failed: No module named 'xgboost',0
600,100,full,0,39011,0,0,,,,,,,0,0,failed: No module named 'xgboost',0
600,200,full,0,39011,0,0,,,,,,,0,0,failed: No module named 'xgboost',0
600,300,full,0,39011,0,0,,,,,,,0,0,failed: No module named 'xgboost',0
600,400,full,0,39011,0,0,,,,,,,0,0,failed: No module named 'xgboost',0
600,500,full,0,39011,0,0,,,,,,,0,0,failed: No module named 'xgboost',0
600,600,full,0,39011,0,0,,,,,,,0,0,failed: No module named 'xgboost',0
600,700,full,0,39011,0,0,,,,,,,0,0,failed: No module named 'xgboost',0
600,800,full,0,39011,0,0,,,,,,,0,0,failed: No module named 'xgboost',0
600,900,full,0,39011,0,0,,,,,,,0,0,failed: No module named 'xgboost',0
600,1000,full,0,39011,0,0,,,,,,,0,0,failed: No module named 'xgboost',0
600,2000,full,0,39011,0,0,,,,,,,0,0,failed: No module named 'xgboost',0
600,3000,full,0,39011,0,0,,,,,,,0,0,failed: No module named 'xgboost',0
600,4000,full,0,39011,0,0,,,,,,,0,0,failed: No module named 'xgboost',0
600,5000,full,0,39011,0,0,,,,,,,0,0,failed: No module named 'xgboost',0
600,6000,full,0,39011,0,0,,,,,,,0,0,failed: No module named 'xgboost',0
600,7000,full,0,39011,0,0,,,,,,,0,0,failed: No module named 'xgboost',0
600,8000,full,0,39011,0,0,,,,,,,0,0,failed: No module named 'xgboost',0
600,9000,full,0,39011,0,0,,,,,,,0,0,failed: No module named 'xgboost',0
600,10000,full,0,39011,0,0,,,,,,,0,0,failed: No module named 'xgboost',0
700,25,full,0,39011,0,0,,,,,,,0,0,failed: No module named 'xgboost',0
700,50,full,0,39011,0,0,,,,,,,0,0,failed: No module named 'xgboost',0
700,75,full,0,39011,0,0,,,,,,,0,0,failed: No module named 'xgboost',0
700,100,full,0,39011,0,0,,,,,,,0,0,failed: No module named 'xgboost',0
700,200,full,0,39011,0,0,,,,,,,0,0,failed: No module named 'xgboost',0
700,300,full,0,39011,0,0,,,,,,,0,0,failed: No module named 'xgboost',0
700,400,full,0,39011,0,0,,,,,,,0,0,failed: No module named 'xgboost',0
700,500,full,0,39011,0,0,,,,,,,0,0,failed: No module named 'xgboost',0
700,600,full,0,39011,0,0,,,,,,,0,0,failed: No module named 'xgboost',0
700,700,full,0,39011,0,0,,,,,,,0,0,failed: No module named 'xgboost',0
700,800,full,0,39011,0,0,,,,,,,0,0,failed: No module named 'xgboost',0
700,900,full,0,39011,0,0,,,,,,,0,0,failed: No module named 'xgboost',0
700,1000,full,0,39011,0,0,,,,,,,0,0,failed: No module named 'xgboost',0
700,2000,full,0,39011,0,0,,,,,,,0,0,failed: No module named 'xgboost',0
700,3000,full,0,39011,0,0,,,,,,,0,0,failed: No module named 'xgboost',0
700,4000,full,0,39011,0,0,,,,,,,0,0,failed: No module named 'xgboost',0
700,5000,full,0,39011,0,0,,,,,,,0,0,failed: No module named 'xgboost',0
700,6000,full,0,39011,0,0,,,,,,,0,0,failed: No module named 'xgboost',0
700,7000,full,0,39011,0,0,,,,,,,0,0,failed: No module named 'xgboost',0
700,8000,full,0,39011,0,0,,,,,,,0,0,failed: No module named 'xgboost',0
700,9000,full,0,39011,0,0,,,,,,,0,0,failed: No module named 'xgboost',0
700,10000,full,0,39011,0,0,,,,,,,0,0,failed: No module named 'xgboost',0
800,25,full,0,39011,0,0,,,,,,,0,0,failed: No module named 'xgboost',0
800,50,full,0,39011,0,0,,,,,,,0,0,failed: No module named 'xgboost',0
800,75,full,0,39011,0,0,,,,,,,0,0,failed: No module named 'xgboost',0
800,100,full,0,39011,0,0,,,,,,,0,0,failed: No module named 'xgboost',0
800,200,full,0,39011,0,0,,,,,,,0,0,failed: No module named 'xgboost',0
800,300,full,0,39011,0,0,,,,,,,0,0,failed: No module named 'xgboost',0
800,400,full,0,39011,0,0,,,,,,,0,0,failed: No module named 'xgboost',0
800,500,full,0,39011,0,0,,,,,,,0,0,failed: No module named 'xgboost',0
800,600,full,0,39011,0,0,,,,,,,0,0,failed: No module named 'xgboost',0
800,700,full,0,39011,0,0,,,,,,,0,0,failed: No module named 'xgboost',0
800,800,full,0,39011,0,0,,,,,,,0,0,failed: No module named 'xgboost',0
800,900,full,0,39011,0,0,,,,,,,0,0,failed: No module named 'xgboost',0
800,1000,full,0,39011,0,0,,,,,,,0,0,failed: No module named 'xgboost',0
800,2000,full,0,39011,0,0,,,,,,,0,0,failed: No module named 'xgboost',0
800,3000,full,0,39011,0,0,,,,,,,0,0,failed: No module named 'xgboost',0
800,4000,full,0,39011,0,0,,,,,,,0,0,failed: No module named 'xgboost',0
800,5000,full,0,39011,0,0,,,,,,,0,0,failed: No module named 'xgboost',0
800,6000,full,0,39011,0,0,,,,,,,0,0,failed: No module named 'xgboost',0
800,7000,full,0,39011,0,0,,,,,,,0,0,failed: No module named 'xgboost',0
800,8000,full,0,39011,0,0,,,,,,,0,0,failed: No module named 'xgboost',0
800,9000,full,0,39011,0,0,,,,,,,0,0,failed: No module named 'xgboost',0
800,10000,full,0,39011,0,0,,,,,,,0,0,failed: No module named 'xgboost',0
900,25,full,0,39011,0,0,,,,,,,0,0,failed: No module named 'xgboost',0
900,50,full,0,39011,0,0,,,,,,,0,0,failed: No module named 'xgboost',0
900,75,full,0,39011,0,0,,,,,,,0,0,failed: No module named 'xgboost',0
900,100,full,0,39011,0,0,,,,,,,0,0,failed: No module named 'xgboost',0
900,200,full,0,39011,0,0,,,,,,,0,0,failed: No module named 'xgboost',0
900,300,full,0,39011,0,0,,,,,,,0,0,failed: No module named 'xgboost',0
900,400,full,0,39011,0,0,,,,,,,0,0,failed: No module named 'xgboost',0
900,500,full,0,39011,0,0,,,,,,,0,0,failed: No module named 'xgboost',0
900,600,full,0,39011,0,0,,,,,,,0,0,failed: No module named 'xgboost',0
900,700,full,0,39011,0,0,,,,,,,0,0,failed: No module named 'xgboost',0
900,800,full,0,39011,0,0,,,,,,,0,0,failed: No module named 'xgboost',0
900,900,full,0,39011,0,0,,,,,,,0,0,failed: No module named 'xgboost',0
900,1000,full,0,39011,0,0,,,,,,,0,0,failed: No module named 'xgboost',0
900,2000,full,0,39011,0,0,,,,,,,0,0,failed: No module named 'xgboost',0
900,3000,full,0,39011,0,0,,,,,,,0,0,failed: No module named 'xgboost',0
900,4000,full,0,39011,0,0,,,,,,,0,0,failed: No module named 'xgboost',0
900,5000,full,0,39011,0,0,,,,,,,0,0,failed: No module named 'xgboost',0
900,6000,full,0,39011,0,0,,,,,,,0,0,failed: No module named 'xgboost',0
900,7000,full,0,39011,0,0,,,,,,,0,0,failed: No module named 'xgboost',0
900,8000,full,0,39011,0,0,,,,,,,0,0,failed: No module named 'xgboost',0
900,9000,full,0,39011,0,0,,,,,,,0,0,failed: No module named 'xgboost',0
900,10000,full,0,39011,0,0,,,,,,,0,0,failed: No module named 'xgboost',0
1000,25,full,0,39011,0,0,,,,,,,0,0,failed: No module named 'xgboost',0
1000,50,full,0,39011,0,0,,,,,,,0,0,failed: No module named 'xgboost',0
1000,75,full,0,39011,0,0,,,,,,,0,0,failed: No module named 'xgboost',0
1000,100,full,0,39011,0,0,,,,,,,0,0,failed: No module named 'xgboost',0
1000,200,full,0,39011,0,0,,,,,,,0,0,failed: No module named 'xgboost',0
1000,300,full,0,39011,0,0,,,,,,,0,0,failed: No module named 'xgboost',0
1000,400,full,0,39011,0,0,,,,,,,0,0,failed: No module named 'xgboost',0
1000,500,full,0,39011,0,0,,,,,,,0,0,failed: No module named 'xgboost',0
1000,600,full,0,39011,0,0,,,,,,,0,0,failed: No module named 'xgboost',0
1000,700,full,0,39011,0,0,,,,,,,0,0,failed: No module named 'xgboost',0
1000,800,full,0,39011,0,0,,,,,,,0,0,failed: No module named 'xgboost',0
1000,900,full,0,39011,0,0,,,,,,,0,0,failed: No module named 'xgboost',0
1000,1000,full,0,39011,0,0,,,,,,,0,0,failed: No module named 'xgboost',0
1000,2000,full,0,39011,0,0,,,,,,,0,0,failed: No module named 'xgboost',0
1000,3000,full,0,39011,0,0,,,,,,,0,0,failed: No module named 'xgboost',0
1000,4000,full,0,39011,0,0,,,,,,,0,0,failed: No module named 'xgboost',0
1000,5000,full,0,39011,0,0,,,,,,,0,0,failed: No module named 'xgboost',0
1000,6000,full,0,39011,0,0,,,,,,,0,0,failed: No module named 'xgboost',0
1000,7000,full,0,39011,0,0,,,,,,,0,0,failed: No module named 'xgboost',0
1000,8000,full,0,39011,0,0,,,,,,,0,0,failed: No module named 'xgboost',0
1000,9000,full,0,39011,0,0,,,,,,,0,0,failed: No module named 'xgboost',0
1000,10000,full,0,39011,0,0,,,,,,,0,0,failed: No module named 'xgboost',0
1100,25,full,0,39011,0,0,,,,,,,0,0,failed: No module named 'xgboost',0
1100,50,full,0,39011,0,0,,,,,,,0,0,failed: No module named 'xgboost',0
1100,75,full,0,39011,0,0,,,,,,,0,0,failed: No module named 'xgboost',0
1100,100,full,0,39011,0,0,,,,,,,0,0,failed: No module named 'xgboost',0
1100,200,full,0,39011,0,0,,,,,,,0,0,failed: No module named 'xgboost',0
1100,300,full,0,39011,0,0,,,,,,,0,0,failed: No module named 'xgboost',0
1100,400,full,0,39011,0,0,,,,,,,0,0,failed: No module named 'xgboost',0
1100,500,full,0,39011,0,0,,,,,,,0,0,failed: No module named 'xgboost',0
1100,600,full,0,39011,0,0,,,,,,,0,0,failed: No module named 'xgboost',0
1100,700,full,0,39011,0,0,,,,,,,0,0,failed: No module named 'xgboost',0
1100,800,full,0,39011,0,0,,,,,,,0,0,failed: No module named 'xgboost',0
1100,900,full,0,39011,0,0,,,,,,,0,0,failed: No module named 'xgboost',0
1100,1000,full,0,39011,0,0,,,,,,,0,0,failed: No module named 'xgboost',0
1100,2000,full,0,39011,0,0,,,,,,,0,0,failed: No module named 'xgboost',0
1100,3000,full,0,39011,0,0,,,,,,,0,0,failed: No module named 'xgboost',0
1100,4000,full,0,39011,0,0,,,,,,,0,0,failed: No module named 'xgboost',0
1100,5000,full,0,39011,0,0,,,,,,,0,0,failed: No module named 'xgboost',0
1100,6000,full,0,39011,0,0,,,,,,,0,0,failed: No module named 'xgboost',0
1100,7000,full,0,39011,0,0,,,,,,,0,0,failed: No module named 'xgboost',0
1100,8000,full,0,39011,0,0,,,,,,,0,0,failed: No module named 'xgboost',0
1100,9000,full,0,39011,0,0,,,,,,,0,0,failed: No module named 'xgboost',0
1100,10000,full,0,39011,0,0,,,,,,,0,0,failed: No module named 'xgboost',0
1200,25,full,0,39011,0,0,,,,,,,0,0,failed: No module named 'xgboost',0
1200,50,full,0,39011,0,0,,,,,,,0,0,failed: No module named 'xgboost',0
1200,75,full,0,39011,0,0,,,,,,,0,0,failed: No module named 'xgboost',0
1200,100,full,0,39011,0,0,,,,,,,0,0,failed: No module named 'xgboost',0
1200,200,full,0,39011,0,0,,,,,,,0,0,failed: No module named 'xgboost',0
1200,300,full,0,39011,0,0,,,,,,,0,0,failed: No module named 'xgboost',0
1200,400,full,0,39011,0,0,,,,,,,0,0,failed: No module named 'xgboost',0
1200,500,full,0,39011,0,0,,,,,,,0,0,failed: No module named 'xgboost',0
1200,600,full,0,39011,0,0,,,,,,,0,0,failed: No module named 'xgboost',0
1200,700,full,0,39011,0,0,,,,,,,0,0,failed: No module named 'xgboost',0
1200,800,full,0,39011,0,0,,,,,,,0,0,failed: No module named 'xgboost',0
1200,900,full,0,39011,0,0,,,,,,,0,0,failed: No module named 'xgboost',0
1200,1000,full,0,39011,0,0,,,,,,,0,0,failed: No module named 'xgboost',0
1200,2000,full,0,39011,0,0,,,,,,,0,0,failed: No module named 'xgboost',0
1200,3000,full,0,39011,0,0,,,,,,,0,0,failed: No module named 'xgboost',0
1200,4000,full,0,39011,0,0,,,,,,,0,0,failed: No module named 'xgboost',0
1200,5000,full,0,39011,0,0,,,,,,,0,0,failed: No module named 'xgboost',0
1200,6000,full,0,39011,0,0,,,,,,,0,0,failed: No module named 'xgboost',0
1200,7000,full,0,39011,0,0,,,,,,,0,0,failed: No module named 'xgboost',0
1200,8000,full,0,39011,0,0,,,,,,,0,0,failed: No module named 'xgboost',0
1200,9000,full,0,39011,0,0,,,,,,,0,0,failed: No module named 'xgboost',0
1200,10000,full,0,39011,0,0,,,,,,,0,0,failed: No module named 'xgboost',0
1300,25,full,0,39011,0,0,,,,,,,0,0,failed: No module named 'xgboost',0
1300,50,full,0,39011,0,0,,,,,,,0,0,failed: No module named 'xgboost',0
1300,75,full,0,39011,0,0,,,,,,,0,0,failed: No module named 'xgboost',0
1300,100,full,0,39011,0,0,,,,,,,0,0,failed: No module named 'xgboost',0
1300,200,full,0,39011,0,0,,,,,,,0,0,failed: No module named 'xgboost',0
1300,300,full,0,39011,0,0,,,,,,,0,0,failed: No module named 'xgboost',0
1300,400,full,0,39011,0,0,,,,,,,0,0,failed: No module named 'xgboost',0
1300,500,full,0,39011,0,0,,,,,,,0,0,failed: No module named 'xgboost',0
1300,600,full,0,39011,0,0,,,,,,,0,0,failed: No module named 'xgboost',0
1300,700,full,0,39011,0,0,,,,,,,0,0,failed: No module named 'xgboost',0
1300,800,full,0,39011,0,0,,,,,,,0,0,failed: No module named 'xgboost',0
1300,900,full,0,39011,0,0,,,,,,,0,0,failed: No module named 'xgboost',0
1300,1000,full,0,39011,0,0,,,,,,,0,0,failed: No module named 'xgboost',0
1300,2000,full,0,39011,0,0,,,,,,,0,0,failed: No module named 'xgboost',0
1300,3000,full,0,39011,0,0,,,,,,,0,0,failed: No module named 'xgboost',0
1300,4000,full,0,39011,0,0,,,,,,,0,0,failed: No module named 'xgboost',0
1300,5000,full,0,39011,0,0,,,,,,,0,0,failed: No module named 'xgboost',0
1300,6000,full,0,39011,0,0,,,,,,,0,0,failed: No module named 'xgboost',0
1300,7000,full,0,39011,0,0,,,,,,,0,0,failed: No module named 'xgboost',0
1300,8000,full,0,39011,0,0,,,,,,,0,0,failed: No module named 'xgboost',0
1300,9000,full,0,39011,0,0,,,,,,,0,0,failed: No module named 'xgboost',0
1300,10000,full,0,39011,0,0,,,,,,,0,0,failed: No module named 'xgboost',0
1400,25,full,0,39011,0,0,,,,,,,0,0,failed: No module named 'xgboost',0
1400,50,full,0,39011,0,0,,,,,,,0,0,failed: No module named 'xgboost',0
1400,75,full,0,39011,0,0,,,,,,,0,0,failed: No module named 'xgboost',0
1400,100,full,0,39011,0,0,,,,,,,0,0,failed: No module named 'xgboost',0
1400,200,full,0,39011,0,0,,,,,,,0,0,failed: No module named 'xgboost',0
1400,300,full,0,39011,0,0,,,,,,,0,0,failed: No module named 'xgboost',0
1400,400,full,0,39011,0,0,,,,,,,0,0,failed: No module named 'xgboost',0
1400,500,full,0,39011,0,0,,,,,,,0,0,failed: No module named 'xgboost',0
1400,600,full,0,39011,0,0,,,,,,,0,0,failed: No module named 'xgboost',0
1400,700,full,0,39011,0,0,,,,,,,0,0,failed: No module named 'xgboost',0
1400,800,full,0,39011,0,0,,,,,,,0,0,failed: No module named 'xgboost',0
1400,900,full,0,39011,0,0,,,,,,,0,0,failed: No module named 'xgboost',0
1400,1000,full,0,39011,0,0,,,,,,,0,0,failed: No module named 'xgboost',0
1400,2000,full,0,39011,0,0,,,,,,,0,0,failed: No module named 'xgboost',0
1400,3000,full,0,39011,0,0,,,,,,,0,0,failed: No module named 'xgboost',0
1400,4000,full,0,39011,0,0,,,,,,,0,0,failed: No module named 'xgboost',0
1400,5000,full,0,39011,0,0,,,,,,,0,0,failed: No module named 'xgboost',0
1400,6000,full,0,39011,0,0,,,,,,,0,0,failed: No module named 'xgboost',0
1400,7000,full,0,39011,0,0,,,,,,,0,0,failed: No module named 'xgboost',0
1400,8000,full,0,39011,0,0,,,,,,,0,0,failed: No module named 'xgboost',0
1400,9000,full,0,39011,0,0,,,,,,,0,0,failed: No module named 'xgboost',0
1400,10000,full,0,39011,0,0,,,,,,,0,0,failed: No module named 'xgboost',0
1500,25,full,0,39011,0,0,,,,,,,0,0,failed: No module named 'xgboost',0
1500,50,full,0,39011,0,0,,,,,,,0,0,failed: No module named 'xgboost',0
1500,75,full,0,39011,0,0,,,,,,,0,0,failed: No module named 'xgboost',0
1500,100,full,0,39011,0,0,,,,,,,0,0,failed: No module named 'xgboost',0
1500,200,full,0,39011,0,0,,,,,,,0,0,failed: No module named 'xgboost',0
1500,300,full,0,39011,0,0,,,,,,,0,0,failed: No module named 'xgboost',0
1500,400,full,0,39011,0,0,,,,,,,0,0,failed: No module named 'xgboost',0
1500,500,full,0,39011,0,0,,,,,,,0,0,failed: No module named 'xgboost',0
1500,600,full,0,39011,0,0,,,,,,,0,0,failed: No module named 'xgboost',0
1500,700,full,0,39011,0,0,,,,,,,0,0,failed: No module named 'xgboost',0
1500,800,full,0,39011,0,0,,,,,,,0,0,failed: No module named 'xgboost',0
1500,900,full,0,39011,0,0,,,,,,,0,0,failed: No module named 'xgboost',0
1500,1000,full,0,39011,0,0,,,,,,,0,0,failed: No module named 'xgboost',0
1500,2000,full,0,39011,0,0,,,,,,,0,0,failed: No module named 'xgboost',0
1500,3000,full,0,39011,0,0,,,,,,,0,0,failed: No module named 'xgboost',0
1500,4000,full,0,39011,0,0,,,,,,,0,0,failed: No module named 'xgboost',0
1500,5000,full,0,39011,0,0,,,,,,,0,0,failed: No module named 'xgboost',0
1500,6000,full,0,39011,0,0,,,,,,,0,0,failed: No module named 'xgboost',0
1500,7000,full,0,39011,0,0,,,,,,,0,0,failed: No module named 'xgboost',0
1500,8000,full,0,39011,0,0,,,,,,,0,0,failed: No module named 'xgboost',0
1500,9000,full,0,39011,0,0,,,,,,,0,0,failed: No module named 'xgboost',0
1500,10000,full,0,39011,0,0,,,,,,,0,0,failed: No module named 'xgboost',0
1600,25,full,0,39011,0,0,,,,,,,0,0,failed: No module named 'xgboost',0
1600,50,full,0,39011,0,0,,,,,,,0,0,failed: No module named 'xgboost',0
1600,75,full,0,39011,0,0,,,,,,,0,0,failed: No module named 'xgboost',0
1600,100,full,0,39011,0,0,,,,,,,0,0,failed: No module named 'xgboost',0
1600,200,full,0,39011,0,0,,,,,,,0,0,failed: No module named 'xgboost',0
1600,300,full,0,39011,0,0,,,,,,,0,0,failed: No module named 'xgboost',0
1600,400,full,0,39011,0,0,,,,,,,0,0,failed: No module named 'xgboost',0
1600,500,full,0,39011,0,0,,,,,,,0,0,failed: No module named 'xgboost',0
1600,600,full,0,39011,0,0,,,,,,,0,0,failed: No module named 'xgboost',0
1600,700,full,0,39011,0,0,,,,,,,0,0,failed: No module named 'xgboost',0
1600,800,full,0,39011,0,0,,,,,,,0,0,failed: No module named 'xgboost',0
1600,900,full,0,39011,0,0,,,,,,,0,0,failed: No module named 'xgboost',0
1600,1000,full,0,39011,0,0,,,,,,,0,0,failed: No module named 'xgboost',0
1600,2000,full,0,39011,0,0,,,,,,,0,0,failed: No module named 'xgboost',0
1600,3000,full,0,39011,0,0,,,,,,,0,0,failed: No module named 'xgboost',0
1600,4000,full,0,39011,0,0,,,,,,,0,0,failed: No module named 'xgboost',0
1600,5000,full,0,39011,0,0,,,,,,,0,0,failed: No module named 'xgboost',0
1600,6000,full,0,39011,0,0,,,,,,,0,0,failed: No module named 'xgboost',0
1600,7000,full,0,39011,0,0,,,,,,,0,0,failed: No module named 'xgboost',0
1600,8000,full,0,39011,0,0,,,,,,,0,0,failed: No module named 'xgboost',0
1600,9000,full,0,39011,0,0,,,,,,,0,0,failed: No module named 'xgboost',0
1600,10000,full,0,39011,0,0,,,,,,,0,0,failed: No module named 'xgboost',0
1700,25,full,0,39011,0,0,,,,,,,0,0,failed: No module named 'xgboost',0
1700,50,full,0,39011,0,0,,,,,,,0,0,failed: No module named 'xgboost',0
1700,75,full,0,39011,0,0,,,,,,,0,0,failed: No module named 'xgboost',0
1700,100,full,0,39011,0,0,,,,,,,0,0,failed: No module named 'xgboost',0
1700,200,full,0,39011,0,0,,,,,,,0,0,failed: No module named 'xgboost',0
1700,300,full,0,39011,0,0,,,,,,,0,0,failed: No module named 'xgboost',0
1700,400,full,0,39011,0,0,,,,,,,0,0,failed: No module named 'xgboost',0
1700,500,full,0,39011,0,0,,,,,,,0,0,failed: No module named 'xgboost',0
1700,600,full,0,39011,0,0,,,,,,,0,0,failed: No module named 'xgboost',0
1700,700,full,0,39011,0,0,,,,,,,0,0,failed: No module named 'xgboost',0
1700,800,full,0,39011,0,0,,,,,,,0,0,failed: No module named 'xgboost',0
1700,900,full,0,39011,0,0,,,,,,,0,0,failed: No module named 'xgboost',0
1700,1000,full,0,39011,0,0,,,,,,,0,0,failed: No module named 'xgboost',0
1700,2000,full,0,39011,0,0,,,,,,,0,0,failed: No module named 'xgboost',0
1700,3000,full,0,39011,0,0,,,,,,,0,0,failed: No module named 'xgboost',0
1700,4000,full,0,39011,0,0,,,,,,,0,0,failed: No module named 'xgboost',0
1700,5000,full,0,39011,0,0,,,,,,,0,0,failed: No module named 'xgboost',0
1700,6000,full,0,39011,0,0,,,,,,,0,0,failed: No module named 'xgboost',0
1700,7000,full,0,39011,0,0,,,,,,,0,0,failed: No module named 'xgboost',0
1700,8000,full,0,39011,0,0,,,,,,,0,0,failed: No module named 'xgboost',0
1700,9000,full,0,39011,0,0,,,,,,,0,0,failed: No module named 'xgboost',0
1700,10000,full,0,39011,0,0,,,,,,,0,0,failed: No module named 'xgboost',0
1800,25,full,0,39011,0,0,,,,,,,0,0,failed: No module named 'xgboost',0
1800,50,full,0,39011,0,0,,,,,,,0,0,failed: No module named 'xgboost',0
1800,75,full,0,39011,0,0,,,,,,,0,0,failed: No module named 'xgboost',0
1800,100,full,0,39011,0,0,,,,,,,0,0,failed: No module named 'xgboost',0
1800,200,full,0,39011,0,0,,,,,,,0,0,failed: No module named 'xgboost',0
1800,300,full,0,39011,0,0,,,,,,,0,0,failed: No module named 'xgboost',0
1800,400,full,0,39011,0,0,,,,,,,0,0,failed: No module named 'xgboost',0
1800,500,full,0,39011,0,0,,,,,,,0,0,failed: No module named 'xgboost',0
1800,600,full,0,39011,0,0,,,,,,,0,0,failed: No module named 'xgboost',0
1800,700,full,0,39011,0,0,,,,,,,0,0,failed: No module named 'xgboost',0
1800,800,full,0,39011,0,0,,,,,,,0,0,failed: No module named 'xgboost',0
1800,900,full,0,39011,0,0,,,,,,,0,0,failed: No module named 'xgboost',0
1800,1000,full,0,39011,0,0,,,,,,,0,0,failed: No module named 'xgboost',0
1800,2000,full,0,39011,0,0,,,,,,,0,0,failed: No module named 'xgboost',0
1800,3000,full,0,39011,0,0,,,,,,,0,0,failed: No module named 'xgboost',0
1800,4000,full,0,39011,0,0,,,,,,,0,0,failed: No module named 'xgboost',0
1800,5000,full,0,39011,0,0,,,,,,,0,0,failed: No module named 'xgboost',0
1800,6000,full,0,39011,0,0,,,,,,,0,0,failed: No module named 'xgboost',0
1800,7000,full,0,39011,0,0,,,,,,,0,0,failed: No module named 'xgboost',0
1800,8000,full,0,39011,0,0,,,,,,,0,0,failed: No module named 'xgboost',0
1800,9000,full,0,39011,0,0,,,,,,,0,0,failed: No module named 'xgboost',0
1800,10000,full,0,39011,0,0,,,,,,,0,0,failed: No module named 'xgboost',0
1900,25,full,0,39011,0,0,,,,,,,0,0,failed: No module named 'xgboost',0
1900,50,full,0,39011,0,0,,,,,,,0,0,failed: No module named 'xgboost',0
1900,75,full,0,39011,0,0,,,,,,,0,0,failed: No module named 'xgboost',0
1900,100,full,0,39011,0,0,,,,,,,0,0,failed: No module named 'xgboost',0
1900,200,full,0,39011,0,0,,,,,,,0,0,failed: No module named 'xgboost',0
1900,300,full,0,39011,0,0,,,,,,,0,0,failed: No module named 'xgboost',0
1900,400,full,0,39011,0,0,,,,,,,0,0,failed: No module named 'xgboost',0
1900,500,full,0,39011,0,0,,,,,,,0,0,failed: No module named 'xgboost',0
1900,600,full,0,39011,0,0,,,,,,,0,0,failed: No module named 'xgboost',0
1900,700,full,0,39011,0,0,,,,,,,0,0,failed: No module named 'xgboost',0
1900,800,full,0,39011,0,0,,,,,,,0,0,failed: No module named 'xgboost',0
1900,900,full,0,39011,0,0,,,,,,,0,0,failed: No module named 'xgboost',0
1900,1000,full,0,39011,0,0,,,,,,,0,0,failed: No module named 'xgboost',0
1900,2000,full,0,39011,0,0,,,,,,,0,0,failed: No module named 'xgboost',0
1900,3000,full,0,39011,0,0,,,,,,,0,0,failed: No module named 'xgboost',0
1900,4000,full,0,39011,0,0,,,,,,,0,0,failed: No module named 'xgboost',0
1900,5000,full,0,39011,0,0,,,,,,,0,0,failed: No module named 'xgboost',0
1900,6000,full,0,39011,0,0,,,,,,,0,0,failed: No module named 'xgboost',0
1900,7000,full,0,39011,0,0,,,,,,,0,0,failed: No module named 'xgboost',0
1900,8000,full,0,39011,0,0,,,,,,,0,0,failed: No module named 'xgboost',0
1900,9000,full,0,39011,0,0,,,,,,,0,0,failed: No module named 'xgboost',0
1900,10000,full,0,39011,0,0,,,,,,,0,0,failed: No module named 'xgboost',0
